{"stats":{"minecraft:crafted":{"minecraft:cooked_beef":4,"minecraft:oak_planks":20,"minecraft:crafting_table":1,"minecraft:wooden_pickaxe":1,"minecraft:iron_helmet":1,"minecraft:iron_sword":1,"minecraft:furnace":2,"minecraft:stone_axe":1,"minecraft:air":0,"minecraft:jungle_planks":4,"minecraft:iron_boots":1,"minecraft:iron_chestplate":1,"minecraft:shield":1,"minecraft:stick":20,"minecraft:iron_ingot":34,"minecraft:iron_pickaxe":1,"minecraft:stone_pickaxe":3,"minecraft:stone_sword":1,"minecraft:iron_leggings":1,"minecraft:torch":8},"minecraft:picked_up":{"minecraft:crafting_table":6,"minecraft:jungle_log":1,"minecraft:andesite":14,"minecraft:leather":4,"minecraft:wooden_pickaxe":2,"minecraft:oak_log":5,"minecraft:dirt":2,"minecraft:string":10,"minecraft:wheat_seeds":1,"minecraft:beef":7,"minecraft:light_gray_wool":1,"minecraft:egg":1,"minecraft:furnace":4,"minecraft:raw_iron":36,"minecraft:torch":3,"minecraft:porkchop":3,"minecraft:diorite":34,"minecraft:granite":15,"minecraft:terracotta":3,"minecraft:coal":8,"minecraft:cobblestone":294},"minecraft:killed":{"minecraft:pig":2,"minecraft:sheep":1,"minecraft:cow":3},"minecraft:killed_by":{"minecraft:creeper":1},"minecraft:dropped":{"minecraft:porkchop":2,"minecraft:wheat_seeds":1,"minecraft:stick":2,"minecraft:torch":1,"minecraft:wooden_pickaxe":3},"minecraft:broken":{"minecraft:stone_pickaxe":2},"minecraft:mined":{"minecraft:jungle_leaves":1,"minecraft:torch":1,"minecraft:crafting_table":6,"minecraft:glow_lichen":1,"minecraft:granite":16,"minecraft:grass_block":1,"minecraft:jungle_log":2,"minecraft:cobblestone":4,"minecraft:diorite":36,"minecraft:wall_torch":2,"minecraft:furnace":4,"minecraft:iron_ore":38,"minecraft:andesite":14,"minecraft:grass":12,"minecraft:oak_log":5,"minecraft:coal_ore":9,"minecraft:vine":2,"minecraft:dirt":1,"minecraft:cobweb":10,"minecraft:terracotta":3,"minecraft:stone":297,"minecraft:oak_leaves":4,"minecraft:fern":4},"minecraft:custom":{"minecraft:interact_with_furnace":28,"minecraft:mob_kills":6,"minecraft:interact_with_crafting_table":19,"minecraft:leave_game":5,"minecraft:time_since_death":1839,"minecraft:climb_one_cm":314,"minecraft:time_since_rest":1938,"minecraft:sprint_one_cm":60712,"minecraft:damage_taken":597,"minecraft:walk_one_cm":147257,"minecraft:drop":8,"minecraft:damage_dealt":750,"minecraft:fly_one_cm":29605,"minecraft:crouch_one_cm":8296,"minecraft:play_time":42225,"minecraft:deaths":1,"minecraft:sneak_time":3044,"minecraft:jump":272,"minecraft:total_world_time":42225,"minecraft:fall_one_cm":3947},"minecraft:used":{"minecraft:stone_sword":31,"minecraft:stone_pickaxe":384,"minecraft:wooden_pickaxe":3,"minecraft:torch":6,"minecraft:crafting_table":6,"minecraft:iron_pickaxe":39,"minecraft:stone_axe":12,"minecraft:light_gray_wool":1,"minecraft:cobblestone":122,"minecraft:beef":3,"minecraft:furnace":6,"minecraft:porkchop":1,"minecraft:andesite":14,"minecraft:egg":1,"minecraft:cooked_beef":3}},"DataVersion":3465}