{"stats":{"minecraft:used":{"minecraft:stone_sword":2,"minecraft:stone_shovel":107,"minecraft:chest":3,"minecraft:spruce_planks":1,"minecraft:iron_sword":34,"minecraft:stone_hoe":56,"minecraft:torch":22,"minecraft:iron_axe":239,"minecraft:furnace":5,"minecraft:potato":14,"minecraft:golden_axe":33,"minecraft:cooked_mutton":13,"minecraft:water_bucket":1,"minecraft:stone_pickaxe":648,"minecraft:wooden_pickaxe":3,"minecraft:fletching_table":10,"minecraft:diamond_axe":937,"minecraft:crafting_table":8,"minecraft:white_bed":8,"minecraft:black_bed":2,"minecraft:apple":1,"minecraft:bread":3,"minecraft:iron_pickaxe":268,"minecraft:lectern":1,"minecraft:spruce_sapling":306,"minecraft:gravel":60,"minecraft:stone_axe":1168,"minecraft:cobblestone":78,"minecraft:grindstone":4,"minecraft:porkchop":4,"minecraft:smithing_table":1,"minecraft:andesite":23,"minecraft:bucket":1},"minecraft:dropped":{"minecraft:bread":15,"minecraft:iron_sword":3,"minecraft:wheat_seeds":21,"minecraft:oak_log":1,"minecraft:cobblestone":179,"minecraft:granite":20,"minecraft:dirt":31,"minecraft:diorite":59,"minecraft:fire_charge":1,"minecraft:oak_stairs":3,"minecraft:gold_nugget":8,"minecraft:white_wool":1,"minecraft:gold_ingot":15,"minecraft:gravel":1,"minecraft:stone_axe":9,"minecraft:iron_nugget":3,"minecraft:stone_sword":1,"minecraft:cobbled_deepslate":40,"minecraft:raw_copper":5,"minecraft:birch_sapling":3,"minecraft:chicken":3,"minecraft:light_gray_wool":1,"minecraft:oak_planks":1,"minecraft:spruce_planks":2,"minecraft:andesite":5,"minecraft:oak_sapling":17,"minecraft:golden_leggings":1,"minecraft:bow":2,"minecraft:stone_pickaxe":1,"minecraft:wooden_pickaxe":1,"minecraft:black_wool":1},"minecraft:custom":{"minecraft:mob_kills":49,"minecraft:interact_with_crafting_table":42,"minecraft:leave_game":1,"minecraft:time_since_death":153038,"minecraft:climb_one_cm":1099,"minecraft:sprint_one_cm":512703,"minecraft:walk_one_cm":430786,"minecraft:drop":76,"minecraft:talked_to_villager":351,"minecraft:play_time":153038,"minecraft:sneak_time":2562,"minecraft:walk_under_water_one_cm":2521,"minecraft:jump":2163,"minecraft:walk_on_water_one_cm":19506,"minecraft:total_world_time":153038,"minecraft:interact_with_furnace":28,"minecraft:traded_with_villager":469,"minecraft:sleep_in_bed":11,"minecraft:time_since_rest":11623,"minecraft:damage_taken":219,"minecraft:damage_dealt":4390,"minecraft:swim_one_cm":4430,"minecraft:fly_one_cm":390665,"minecraft:open_chest":57,"minecraft:crouch_one_cm":7903,"minecraft:fall_one_cm":38727},"minecraft:mined":{"minecraft:spruce_planks":1,"minecraft:white_bed":3,"minecraft:brewing_stand":1,"minecraft:granite":47,"minecraft:grass_block":41,"minecraft:spruce_leaves":58,"minecraft:spruce_sapling":6,"minecraft:iron_ore":35,"minecraft:andesite":34,"minecraft:fletching_table":7,"minecraft:gold_block":3,"minecraft:dirt_path":1,"minecraft:oak_stairs":4,"minecraft:stone":589,"minecraft:crafting_table":4,"minecraft:torch":2,"minecraft:copper_ore":1,"minecraft:tall_grass":11,"minecraft:cobblestone":8,"minecraft:grindstone":4,"minecraft:sugar_cane":9,"minecraft:diorite":96,"minecraft:wall_torch":2,"minecraft:birch_log":7,"minecraft:spruce_log":2209,"minecraft:black_bed":1,"minecraft:grass":182,"minecraft:oak_log":50,"minecraft:coal_ore":51,"minecraft:dripstone_block":4,"minecraft:dirt":24,"minecraft:gravel":60,"minecraft:gold_ore":4,"minecraft:oak_leaves":7,"minecraft:deepslate":40},"minecraft:killed":{"minecraft:skeleton":1,"minecraft:chicken":3,"minecraft:pig":2,"minecraft:sheep":21,"minecraft:cow":21},"minecraft:picked_up":{"minecraft:crafting_table":4,"minecraft:chicken":3,"minecraft:oak_stairs":3,"minecraft:gold_block":3,"minecraft:brewing_stand":1,"minecraft:raw_copper":5,"minecraft:cobbled_deepslate":40,"minecraft:spruce_planks":1,"minecraft:beef":52,"minecraft:light_gray_wool":1,"minecraft:sugar_cane":23,"minecraft:birch_sapling":3,"minecraft:stick":186,"minecraft:raw_iron":36,"minecraft:torch":4,"minecraft:porkchop":4,"minecraft:diorite":93,"minecraft:mutton":33,"minecraft:white_wool":17,"minecraft:cobblestone":588,"minecraft:birch_log":7,"minecraft:feather":2,"minecraft:andesite":34,"minecraft:black_bed":1,"minecraft:leather":24,"minecraft:flint":6,"minecraft:oak_log":45,"minecraft:dirt":64,"minecraft:bone":2,"minecraft:apple":2,"minecraft:bow":2,"minecraft:wheat_seeds":28,"minecraft:raw_gold":4,"minecraft:grindstone":4,"minecraft:iron_ingot":2,"minecraft:fletching_table":7,"minecraft:iron_sword":2,"minecraft:dripstone_block":4,"minecraft:gravel":72,"minecraft:spruce_sapling":314,"minecraft:white_bed":3,"minecraft:spruce_log":2242,"minecraft:stone_axe":3,"minecraft:granite":47,"minecraft:oak_sapling":17,"minecraft:black_wool":4,"minecraft:coal":51},"minecraft:crafted":{"minecraft:oak_planks":104,"minecraft:redstone":20,"minecraft:stone_shovel":2,"minecraft:leather_boots":1,"minecraft:furnace":5,"minecraft:bookshelf":1,"minecraft:cooked_mutton":17,"minecraft:bow":5,"minecraft:iron_boots":1,"minecraft:diamond_helmet":1,"minecraft:diamond_leggings":1,"minecraft:iron_axe":2,"minecraft:spruce_slab":6,"minecraft:ender_pearl":7,"minecraft:stone_pickaxe":5,"minecraft:chest":3,"minecraft:emerald":410,"minecraft:diamond_axe":2,"minecraft:crafting_table":4,"minecraft:spruce_planks":7176,"minecraft:wooden_pickaxe":1,"minecraft:iron_helmet":1,"minecraft:iron_sword":3,"minecraft:smithing_table":1,"minecraft:fletching_table":3,"minecraft:birch_planks":28,"minecraft:bucket":1,"minecraft:stone_axe":17,"minecraft:glowstone":7,"minecraft:bread":60,"minecraft:air":0,"minecraft:lectern":1,"minecraft:book":3,"minecraft:iron_chestplate":1,"minecraft:paper":9,"minecraft:diamond_pickaxe":1,"minecraft:shield":1,"minecraft:stick":13948,"minecraft:iron_ingot":36,"minecraft:iron_pickaxe":6,"minecraft:stone_sword":1,"minecraft:gold_ingot":29,"minecraft:iron_leggings":1,"minecraft:black_bed":1,"minecraft:white_bed":5,"minecraft:torch":32,"minecraft:diamond_chestplate":1},"minecraft:broken":{"minecraft:stone_pickaxe":4,"minecraft:golden_axe":1,"minecraft:iron_axe":1,"minecraft:stone_axe":4}},"DataVersion":3465}