{"stats":{"minecraft:picked_up":{"minecraft:birch_log":6},"minecraft:mined":{"minecraft:birch_log":6,"minecraft:grass":1,"minecraft:grass_block":1},"minecraft:custom":{"minecraft:jump":46,"minecraft:time_since_rest":4858,"minecraft:damage_dealt":10,"minecraft:crouch_one_cm":109,"minecraft:leave_game":2,"minecraft:play_time":4858,"minecraft:sprint_one_cm":3007,"minecraft:time_since_death":4858,"minecraft:walk_one_cm":7222,"minecraft:sneak_time":68,"minecraft:climb_one_cm":728,"minecraft:total_world_time":4858,"minecraft:fall_one_cm":836,"minecraft:fly_one_cm":2412}},"DataVersion":3465}