{"stats":{"minecraft:custom":{"minecraft:jump":46,"minecraft:damage_dealt":10,"minecraft:leave_game":3,"minecraft:crouch_one_cm":109,"minecraft:play_time":5713,"minecraft:sprint_one_cm":3007,"minecraft:time_since_death":5713,"minecraft:walk_one_cm":7222,"minecraft:sneak_time":68,"minecraft:total_world_time":5713,"minecraft:climb_one_cm":728,"minecraft:fall_one_cm":836,"minecraft:fly_one_cm":2412,"minecraft:time_since_rest":5713},"minecraft:picked_up":{"minecraft:birch_log":6},"minecraft:mined":{"minecraft:birch_log":6,"minecraft:grass":1,"minecraft:grass_block":1}},"DataVersion":3465}