{"stats":{"minecraft:used":{"minecraft:cooked_mutton":11,"minecraft:stone_sword":107,"minecraft:stone_pickaxe":49,"minecraft:oak_planks":30,"minecraft:wooden_pickaxe":12,"minecraft:chest":1,"minecraft:spruce_planks":9,"minecraft:diamond_axe":239,"minecraft:dirt":2,"minecraft:crafting_table":9,"minecraft:white_bed":6,"minecraft:spruce_log":1,"minecraft:diamond_pickaxe":22,"minecraft:iron_axe":12,"minecraft:iron_pickaxe":17,"minecraft:spruce_sapling":9,"minecraft:stone_axe":284,"minecraft:cobblestone":5,"minecraft:bow":3,"minecraft:furnace":3,"minecraft:yellow_bed":1},"minecraft:dropped":{"minecraft:iron_ingot":7,"minecraft:stone_sword":1,"minecraft:dirt":2,"minecraft:shield":5,"minecraft:wooden_sword":1,"minecraft:wooden_pickaxe":1},"minecraft:mined":{"minecraft:spruce_planks":7,"minecraft:white_bed":6,"minecraft:dandelion":2,"minecraft:obsidian":2,"minecraft:crafting_table":7,"minecraft:grass_block":5,"minecraft:tall_grass":4,"minecraft:copper_ore":5,"minecraft:cobblestone":3,"minecraft:spruce_leaves":1,"minecraft:oak_planks":19,"minecraft:hay_block":4,"minecraft:furnace":2,"minecraft:iron_ore":4,"minecraft:wheat":4,"minecraft:sweet_berry_bush":16,"minecraft:lilac":1,"minecraft:spruce_log":399,"minecraft:pumpkin":16,"minecraft:yellow_bed":1,"minecraft:grass":69,"minecraft:oak_log":47,"minecraft:coal_ore":35,"minecraft:stone":32,"minecraft:netherrack":2,"minecraft:oak_leaves":19,"minecraft:fern":6},"minecraft:custom":{"minecraft:interact_with_furnace":10,"minecraft:mob_kills":21,"minecraft:traded_with_villager":57,"minecraft:interact_with_crafting_table":28,"minecraft:leave_game":8,"minecraft:time_since_death":148636,"minecraft:sleep_in_bed":11,"minecraft:climb_one_cm":164,"minecraft:time_since_rest":10618,"minecraft:sprint_one_cm":315628,"minecraft:damage_taken":150,"minecraft:walk_one_cm":627242,"minecraft:drop":13,"minecraft:damage_dealt":3245,"minecraft:swim_one_cm":245,"minecraft:talked_to_villager":77,"minecraft:fly_one_cm":46880,"minecraft:open_chest":21,"minecraft:crouch_one_cm":1423,"minecraft:play_time":148636,"minecraft:sneak_time":1137,"minecraft:walk_under_water_one_cm":8896,"minecraft:jump":1375,"minecraft:walk_on_water_one_cm":23680,"minecraft:total_world_time":148636,"minecraft:fall_one_cm":8478,"minecraft:horse_one_cm":526},"minecraft:killed":{"minecraft:pig":4,"minecraft:salmon":2,"minecraft:iron_golem":2,"minecraft:sheep":11,"minecraft:cow":2},"minecraft:picked_up":{"minecraft:crafting_table":7,"minecraft:wheat":4,"minecraft:lilac":1,"minecraft:chainmail_boots":1,"minecraft:leather":2,"minecraft:lead":2,"minecraft:oak_log":46,"minecraft:yellow_bed":1,"minecraft:shield":5,"minecraft:dirt":6,"minecraft:raw_copper":17,"minecraft:iron_axe":1,"minecraft:iron_leggings":1,"minecraft:cooked_mutton":1,"minecraft:apple":1,"minecraft:wheat_seeds":20,"minecraft:spruce_planks":8,"minecraft:iron_ingot":7,"minecraft:beef":4,"minecraft:light_gray_wool":1,"minecraft:iron_sword":1,"minecraft:birch_sapling":1,"minecraft:oak_planks":61,"minecraft:egg":2,"minecraft:furnace":2,"minecraft:stick":37,"minecraft:raw_iron":4,"minecraft:pumpkin":16,"minecraft:sweet_berries":38,"minecraft:porkchop":7,"minecraft:spruce_sapling":33,"minecraft:white_bed":6,"minecraft:spruce_log":306,"minecraft:stone_shovel":1,"minecraft:hay_block":4,"minecraft:gold_ingot":15,"minecraft:obsidian":2,"minecraft:oak_sapling":7,"minecraft:netherrack":1,"minecraft:black_wool":1,"minecraft:mutton":19,"minecraft:coal":34,"minecraft:white_wool":9,"minecraft:cobblestone":35},"minecraft:crafted":{"minecraft:wooden_sword":1,"minecraft:oak_planks":184,"minecraft:arrow":32,"minecraft:emerald":53,"minecraft:crafting_table":3,"minecraft:spruce_planks":1220,"minecraft:wooden_pickaxe":1,"minecraft:furnace":1,"minecraft:stone_axe":1,"minecraft:cooked_mutton":13,"minecraft:bow":1,"minecraft:shield":1,"minecraft:stick":2564,"minecraft:iron_ingot":4,"minecraft:iron_pickaxe":1,"minecraft:stone_pickaxe":1,"minecraft:stone_sword":1,"minecraft:chest":1,"minecraft:white_bed":1,"minecraft:diamond_chestplate":1},"minecraft:broken":{"minecraft:iron_axe":1,"minecraft:stone_axe":2}},"DataVersion":3465}