{"stats":{"minecraft:crafted":{"minecraft:wooden_sword":1,"minecraft:cooked_porkchop":2,"minecraft:crafting_table":2,"minecraft:stick":4,"minecraft:wooden_pickaxe":1,"minecraft:stone_pickaxe":2,"minecraft:furnace":1,"minecraft:birch_planks":16,"minecraft:jungle_planks":4},"minecraft:picked_up":{"minecraft:birch_log":10,"minecraft:sandstone":3,"minecraft:crafting_table":3,"minecraft:stick":3,"minecraft:raw_iron":6,"minecraft:jungle_log":1,"minecraft:torch":13,"minecraft:wooden_pickaxe":1,"minecraft:gravel":3,"minecraft:sand":2,"minecraft:porkchop":2,"minecraft:jungle_planks":1,"minecraft:diorite":13,"minecraft:dirt":3,"minecraft:raw_copper":4,"minecraft:cooked_mutton":2,"minecraft:apple":1,"minecraft:granite":8,"minecraft:mutton":2,"minecraft:coal":21,"minecraft:egg":1,"minecraft:cobblestone":151,"minecraft:furnace":3},"minecraft:killed_by":{"minecraft:husk":1},"minecraft:broken":{"minecraft:stone_pickaxe":1},"minecraft:mined":{"minecraft:furnace":3,"minecraft:birch_log":10,"minecraft:iron_ore":4,"minecraft:crafting_table":3,"minecraft:torch":5,"minecraft:granite":8,"minecraft:grass":2,"minecraft:grass_block":1,"minecraft:coal_ore":20,"minecraft:dirt":3,"minecraft:gravel":1,"minecraft:sand":2,"minecraft:copper_ore":1,"minecraft:cobblestone":25,"minecraft:stone":124,"minecraft:diorite":13,"minecraft:sandstone":3,"minecraft:wall_torch":7},"minecraft:custom":{"minecraft:time_since_rest":3387,"minecraft:interact_with_furnace":9,"minecraft:sprint_one_cm":47262,"minecraft:damage_taken":485,"minecraft:walk_one_cm":124344,"minecraft:damage_dealt":10,"minecraft:interact_with_crafting_table":7,"minecraft:fly_one_cm":97731,"minecraft:crouch_one_cm":1466,"minecraft:play_time":49285,"minecraft:deaths":2,"minecraft:sneak_time":1777,"minecraft:walk_under_water_one_cm":1345,"minecraft:jump":627,"minecraft:leave_game":5,"minecraft:time_since_death":2894,"minecraft:walk_on_water_one_cm":2366,"minecraft:total_world_time":49285,"minecraft:climb_one_cm":2082,"minecraft:fall_one_cm":9402},"minecraft:used":{"minecraft:cooked_mutton":2,"minecraft:diorite":10,"minecraft:apple":1,"minecraft:birch_planks":1,"minecraft:stone_pickaxe":193,"minecraft:wooden_pickaxe":25,"minecraft:gravel":3,"minecraft:torch":13,"minecraft:wooden_sword":2,"minecraft:sand":1,"minecraft:cobblestone":75,"minecraft:crafting_table":4,"minecraft:furnace":3,"minecraft:cooked_porkchop":2,"minecraft:jungle_planks":1,"minecraft:egg":1,"minecraft:granite":3}},"DataVersion":3465}