{"stats":{"minecraft:crafted":{"minecraft:birch_planks":24},"minecraft:picked_up":{"minecraft:wheat_seeds":1,"minecraft:dirt":1,"minecraft:birch_log":6},"minecraft:mined":{"minecraft:birch_log":6,"minecraft:grass_block":1,"minecraft:oak_leaves":3,"minecraft:fern":1},"minecraft:custom":{"minecraft:jump":21,"minecraft:time_since_rest":5077,"minecraft:crouch_one_cm":233,"minecraft:sprint_one_cm":5211,"minecraft:leave_game":3,"minecraft:play_time":5077,"minecraft:damage_taken":70,"minecraft:time_since_death":5077,"minecraft:walk_one_cm":3250,"minecraft:sneak_time":296,"minecraft:climb_one_cm":657,"minecraft:total_world_time":5077,"minecraft:fly_one_cm":2636,"minecraft:fall_one_cm":1054},"minecraft:used":{"minecraft:dirt":1}},"DataVersion":3465}