{"stats":{"minecraft:used":{"minecraft:stone_shovel":70,"minecraft:stone_pickaxe":63,"minecraft:iron_sword":11,"minecraft:chest":2,"minecraft:spruce_planks":80,"minecraft:wooden_pickaxe":18,"minecraft:diamond_axe":753,"minecraft:fletching_table":8,"minecraft:stone_hoe":22,"minecraft:torch":6,"minecraft:crafting_table":8,"minecraft:blast_furnace":1,"minecraft:white_bed":14,"minecraft:diamond_pickaxe":68,"minecraft:apple":2,"minecraft:iron_pickaxe":48,"minecraft:iron_axe":1291,"minecraft:bread":20,"minecraft:lectern":3,"minecraft:spruce_sapling":221,"minecraft:gravel":47,"minecraft:stone_axe":1506,"minecraft:cobblestone":4,"minecraft:sweet_berries":17,"minecraft:grindstone":1,"minecraft:smithing_table":2,"minecraft:furnace":1,"minecraft:porkchop":10,"minecraft:yellow_bed":9},"minecraft:dropped":{"minecraft:bread":43,"minecraft:iron_sword":5,"minecraft:stone_axe":36,"minecraft:stone_shovel":24,"minecraft:cobblestone":1,"minecraft:iron_boots":1,"minecraft:azure_bluet":2,"minecraft:shield":7,"minecraft:oak_sapling":18,"minecraft:chainmail_boots":11,"minecraft:iron_leggings":5,"minecraft:iron_axe":1,"minecraft:stone_pickaxe":1,"minecraft:netherrack":11},"minecraft:custom":{"minecraft:interact_with_furnace":13,"minecraft:mob_kills":24,"minecraft:traded_with_villager":682,"minecraft:interact_with_crafting_table":21,"minecraft:leave_game":1,"minecraft:time_since_death":153843,"minecraft:sleep_in_bed":12,"minecraft:climb_one_cm":468,"minecraft:time_since_rest":12431,"minecraft:sprint_one_cm":469131,"minecraft:damage_taken":446,"minecraft:walk_one_cm":468958,"minecraft:drop":117,"minecraft:damage_dealt":2460,"minecraft:talked_to_villager":202,"minecraft:swim_one_cm":14903,"minecraft:fly_one_cm":624239,"minecraft:open_chest":42,"minecraft:crouch_one_cm":4665,"minecraft:play_time":153843,"minecraft:sneak_time":3086,"minecraft:walk_under_water_one_cm":5617,"minecraft:jump":3019,"minecraft:interact_with_blast_furnace":1,"minecraft:walk_on_water_one_cm":8726,"minecraft:total_world_time":153843,"minecraft:fall_one_cm":93501},"minecraft:mined":{"minecraft:smithing_table":2,"minecraft:white_bed":12,"minecraft:dandelion":1,"minecraft:crafting_table":5,"minecraft:grass_block":10,"minecraft:lectern":2,"minecraft:tall_grass":4,"minecraft:cobblestone":6,"minecraft:spruce_leaves":42,"minecraft:large_fern":2,"minecraft:hay_block":22,"minecraft:spruce_sapling":4,"minecraft:iron_ore":4,"minecraft:sweet_berry_bush":12,"minecraft:andesite":1,"minecraft:spruce_log":3396,"minecraft:fletching_table":3,"minecraft:azure_bluet":1,"minecraft:yellow_bed":9,"minecraft:grass":14,"minecraft:oak_log":22,"minecraft:coal_ore":64,"minecraft:dirt_path":2,"minecraft:dripstone_block":1,"minecraft:gravel":60,"minecraft:dirt":16,"minecraft:stone":85,"minecraft:netherrack":17,"minecraft:oak_leaves":6},"minecraft:killed":{"minecraft:pig":7,"minecraft:spider":2,"minecraft:sheep":7,"minecraft:zombie":1,"minecraft:cow":7},"minecraft:picked_up":{"minecraft:crafting_table":5,"minecraft:azure_bluet":2,"minecraft:andesite":4,"minecraft:leather":6,"minecraft:smithing_table":2,"minecraft:flint":10,"minecraft:oak_log":21,"minecraft:yellow_bed":9,"minecraft:string":2,"minecraft:dirt":26,"minecraft:raw_copper":16,"minecraft:apple":2,"minecraft:iron_ingot":6,"minecraft:beef":11,"minecraft:fletching_table":3,"minecraft:lectern":2,"minecraft:iron_sword":2,"minecraft:stick":163,"minecraft:raw_iron":4,"minecraft:sweet_berries":27,"minecraft:dripstone_block":1,"minecraft:dandelion":1,"minecraft:gravel":47,"minecraft:porkchop":10,"minecraft:spruce_sapling":286,"minecraft:white_bed":12,"minecraft:spruce_log":3294,"minecraft:rotten_flesh":1,"minecraft:hay_block":22,"minecraft:bread":2,"minecraft:oak_sapling":18,"minecraft:netherrack":11,"minecraft:mutton":10,"minecraft:coal":63,"minecraft:cobblestone":87,"minecraft:white_wool":7},"minecraft:crafted":{"minecraft:grindstone":1,"minecraft:smooth_stone":4,"minecraft:oak_planks":84,"minecraft:stone_shovel":25,"minecraft:emerald":549,"minecraft:diamond_axe":2,"minecraft:crafting_table":3,"minecraft:spruce_planks":11512,"minecraft:wooden_pickaxe":1,"minecraft:iron_sword":4,"minecraft:furnace":2,"minecraft:blast_furnace":1,"minecraft:stone":8,"minecraft:fletching_table":5,"minecraft:stone_axe":49,"minecraft:bookshelf":14,"minecraft:bread":54,"minecraft:air":0,"minecraft:apple":12,"minecraft:lectern":1,"minecraft:diamond_helmet":2,"minecraft:book":3,"minecraft:diamond_leggings":3,"minecraft:paper":9,"minecraft:diamond_pickaxe":1,"minecraft:shield":9,"minecraft:iron_axe":6,"minecraft:spruce_slab":6,"minecraft:chainmail_boots":12,"minecraft:stone_slab":6,"minecraft:stick":22894,"minecraft:stone_pickaxe":1,"minecraft:stone_sword":1,"minecraft:chest":2,"minecraft:diamond_boots":3,"minecraft:iron_leggings":10,"minecraft:white_bed":2,"minecraft:torch":16,"minecraft:stone_hoe":1,"minecraft:diamond_chestplate":1,"minecraft:wheat":162},"minecraft:broken":{"minecraft:iron_axe":1,"minecraft:stone_axe":4}},"DataVersion":3465}