{"stats":{"minecraft:crafted":{"minecraft:cooked_porkchop":2,"minecraft:crafting_table":2,"minecraft:stick":24,"minecraft:wooden_pickaxe":1,"minecraft:stone_pickaxe":2,"minecraft:stone_sword":1,"minecraft:furnace":1,"minecraft:torch":8,"minecraft:birch_planks":48,"minecraft:stone_axe":1,"minecraft:air":0,"minecraft:cooked_mutton":2},"minecraft:picked_up":{"minecraft:birch_log":12,"minecraft:andesite":9,"minecraft:leather":5,"minecraft:torch":1,"minecraft:birch_planks":24,"minecraft:porkchop":9,"minecraft:oak_log":6,"minecraft:dirt":23,"minecraft:apple":1,"minecraft:wheat_seeds":1,"minecraft:hay_block":5,"minecraft:beef":10,"minecraft:melon_slice":51,"minecraft:mutton":20,"minecraft:coal":4,"minecraft:white_wool":14,"minecraft:cobblestone":129},"minecraft:killed":{"minecraft:sheep":11,"minecraft:pig":5,"minecraft:cow":4},"minecraft:killed_by":{"minecraft:enderman":1},"minecraft:broken":{"minecraft:stone_pickaxe":1},"minecraft:mined":{"minecraft:hay_block":5,"minecraft:birch_log":6,"minecraft:andesite":9,"minecraft:grass":10,"minecraft:grass_block":6,"minecraft:oak_log":6,"minecraft:coal_ore":4,"minecraft:melon":10,"minecraft:dead_bush":2,"minecraft:dirt":17,"minecraft:tall_grass":1,"minecraft:stone":129,"minecraft:white_wool":2,"minecraft:oak_leaves":3,"minecraft:wall_torch":1,"minecraft:fern":6},"minecraft:custom":{"minecraft:time_since_rest":581,"minecraft:interact_with_furnace":3,"minecraft:sprint_one_cm":163654,"minecraft:damage_taken":320,"minecraft:walk_one_cm":95257,"minecraft:mob_kills":20,"minecraft:damage_dealt":1830,"minecraft:interact_with_crafting_table":5,"minecraft:fly_one_cm":185109,"minecraft:open_chest":1,"minecraft:crouch_one_cm":1407,"minecraft:play_time":44383,"minecraft:deaths":3,"minecraft:sneak_time":1749,"minecraft:walk_under_water_one_cm":3173,"minecraft:jump":909,"minecraft:leave_game":7,"minecraft:time_since_death":534,"minecraft:walk_on_water_one_cm":5816,"minecraft:sleep_in_bed":1,"minecraft:total_world_time":44383,"minecraft:climb_one_cm":1427,"minecraft:fall_one_cm":20371},"minecraft:used":{"minecraft:apple":1,"minecraft:stone_sword":14,"minecraft:stone_pickaxe":133,"minecraft:wooden_pickaxe":25,"minecraft:white_wool":2,"minecraft:torch":1,"minecraft:stone_axe":44,"minecraft:dirt":22,"minecraft:mutton":6,"minecraft:crafting_table":2,"minecraft:furnace":1,"minecraft:cooked_porkchop":2}},"DataVersion":3465}